{"cameraMode":{"drawMode":0,"name":"Shaded","section":"Shading Mode"},"sceneLighting":false,"audioPlay":false,"sceneViewState":{"m_AlwaysRefresh":false,"showFog":true,"showSkybox":false,"showFlares":true,"showImageEffects":true,"showParticleSystems":true,"showVisualEffectGraphs":true,"m_FxEnabled":true},"in2DMode":false,"pivot":{"x":-0.03748258948326111,"y":0.06054409593343735,"z":-0.025218844413757325},"rotation":{"x":0.08385532349348068,"y":0.9168855547904968,"z":-0.2902919054031372,"w":0.26148733496665957},"size":0.3472619950771332,"orthographic":true}