{"cameraMode":{"drawMode":0,"name":"Shaded","section":"Shading Mode"},"sceneLighting":false,"audioPlay":false,"sceneViewState":{"m_AlwaysRefresh":false,"showFog":true,"showSkybox":false,"showFlares":true,"showImageEffects":true,"showParticleSystems":true,"showVisualEffectGraphs":true,"m_FxEnabled":true},"in2DMode":false,"pivot":{"x":0.15029063820838929,"y":1.1154694557189942,"z":0.004849135875701904},"rotation":{"x":0.04110702872276306,"y":0.8841446042060852,"z":-0.4586120843887329,"w":0.07925308495759964},"size":0.4330126941204071,"orthographic":false}